ts_iso,ts_ms,symbol,bybit_rate_8h,hl_rate_8h_equiv,bybit_mark,hl_mark,bybit_interval_min
2026-08-20T14:12:25+00:00,1787235145252,BTC,0.0000124300,0.0001000000,71928.18,71942.0,480
2026-08-20T14:12:25+00:00,1787235145252,ETH,0.0000638700,0.0001000000,2286.56,2287.7,480
2026-08-20T14:12:25+00:00,1787235145252,SOL,0.0001000000,0.0001000000,86.836,86.864,480
2026-08-20T14:12:25+00:00,1787235145252,HYPE,0.0001000000,0.0002647304,72.36,72.34,480
2026-08-20T14:12:25+00:00,1787235145252,XRP,0.0001000000,0.0001000000,1.2359,1.2366,480
2026-08-20T14:12:25+00:00,1787235145252,DOGE,0.0001000000,0.0001000000,0.07811,0.078161,480
2026-08-20T14:12:25+00:00,1787235145252,ZEC,0.0001000000,0.0002021944,568.93,569.26,480
2026-08-20T14:12:25+00:00,1787235145252,1000PEPE,0.0001000000,0.0003422120,0.0031327,0.003138,480
2026-08-20T14:12:25+00:00,1787235145252,ADA,0.0001000000,0.0001000000,0.1967,0.19684,480
2026-08-20T14:12:25+00:00,1787235145252,SUI,0.0001000000,0.0001000000,0.7297,0.73,480
2026-08-20T14:12:25+00:00,1787235145252,LINK,0.0000319800,0.0001000000,10.67,10.674,480
2026-08-20T14:12:25+00:00,1787235145252,TRUMP,0.0001000000,0.0001000000,1.658,1.6582,240
2026-08-20T14:12:25+00:00,1787235145252,ENA,0.0001000000,0.0001000000,0.09855,0.098681,240
2026-08-20T14:19:36+00:00,1787235576390,BTC,0.0000109100,0.0001000000,71584.7,71615.4,480
2026-08-20T14:19:36+00:00,1787235576390,ETH,0.0000649600,0.0001000000,2277.65,2278.4,480
2026-08-20T14:19:36+00:00,1787235576390,SOL,0.0001000000,0.0001000000,86.356,86.372,480
2026-08-20T14:19:36+00:00,1787235576390,HYPE,0.0001000000,0.0002738104,72.313,72.361,480
2026-08-20T14:19:36+00:00,1787235576390,XRP,0.0001000000,0.0001000000,1.2389,1.2394,480
2026-08-20T14:19:36+00:00,1787235576390,DOGE,0.0001000000,0.0001000000,0.07783,0.077882,480
2026-08-20T14:19:36+00:00,1787235576390,ZEC,0.0001000000,0.0001645024,566.27,566.55,480
2026-08-20T14:19:36+00:00,1787235576390,1000PEPE,0.0001000000,0.0003271072,0.003108,0.003112,480
2026-08-20T14:19:36+00:00,1787235576390,ADA,0.0001000000,0.0001000000,0.1958,0.19593,480
2026-08-20T14:19:36+00:00,1787235576390,SUI,0.0001000000,0.0001000000,0.72426,0.72499,480
2026-08-20T14:19:36+00:00,1787235576390,LINK,0.0000310700,0.0001000000,10.624,10.629,480
2026-08-20T14:19:36+00:00,1787235576390,TRUMP,0.0001000000,0.0001000000,1.647,1.6473,240
2026-08-20T14:19:36+00:00,1787235576390,ENA,0.0001000000,0.0001000000,0.09821,0.098294,240
2026-08-20T15:05:03+00:00,1787238303545,BTC,0.0000101900,0.0001000000,72296.8,72311.0,480
2026-08-20T15:05:03+00:00,1787238303545,ETH,0.0000752100,0.0001000000,2298.23,2298.23,480
2026-08-20T15:05:03+00:00,1787238303545,SOL,0.0001000000,0.0001000000,87.175,87.17,480
2026-08-20T15:05:03+00:00,1787238303545,HYPE,0.0001000000,0.0001000000,72.499,72.424,480
2026-08-20T15:05:03+00:00,1787238303545,XRP,0.0001000000,0.0001000000,1.249,1.249733,480
2026-08-20T15:05:03+00:00,1787238303545,DOGE,0.0001000000,0.0001000000,0.07895,0.079012,480
2026-08-20T15:05:03+00:00,1787238303545,ZEC,0.0001000000,0.0001000000,565.32,565.2,480
2026-08-20T15:05:03+00:00,1787238303545,1000PEPE,0.0001000000,0.0005664680,0.0031589,0.003163,480
2026-08-20T15:05:03+00:00,1787238303545,ADA,0.0001000000,0.0001000000,0.1965,0.19656,480
2026-08-20T15:05:03+00:00,1787238303545,SUI,0.0001000000,0.0001148048,0.73472,0.7354,480
2026-08-20T15:05:03+00:00,1787238303545,LINK,0.0000558300,0.0001000000,10.628,10.635,480
2026-08-20T15:05:03+00:00,1787238303545,TRUMP,0.0001000000,0.0001000000,1.657,1.6587,240
2026-08-20T15:05:03+00:00,1787238303545,ENA,0.0001000000,0.0001000000,0.10051,0.10066,240
2026-08-20T16:05:03+00:00,1787241903756,BTC,0.0000031400,0.0001000000,72301.68,72318.0,480
2026-08-20T16:05:03+00:00,1787241903756,ETH,0.0000804100,0.0001000000,2318.38,2318.9,480
2026-08-20T16:05:03+00:00,1787241903756,SOL,0.0001000000,0.0001000000,87.11,87.092,480
2026-08-20T16:05:03+00:00,1787241903756,HYPE,0.0001000000,0.0001000000,73.12,73.0665,480
2026-08-20T16:05:03+00:00,1787241903756,XRP,0.0001000000,0.0001000000,1.2596,1.259,480
2026-08-20T16:05:03+00:00,1787241903756,DOGE,0.0001000000,0.0001000000,0.07972,0.07974,480
2026-08-20T16:05:03+00:00,1787241903756,ZEC,0.0001000000,0.0006641424,570.61,570.45,480
2026-08-20T16:05:03+00:00,1787241903756,1000PEPE,0.0001000000,0.0004180512,0.003191,0.003192,480
2026-08-20T16:05:03+00:00,1787241903756,ADA,0.0001000000,0.0001000000,0.1976,0.19763,480
2026-08-20T16:05:03+00:00,1787241903756,SUI,0.0001000000,0.0001000000,0.7391,0.7392,480
2026-08-20T16:05:03+00:00,1787241903756,LINK,0.0000074300,0.0001000000,10.682,10.689,480
2026-08-20T16:05:03+00:00,1787241903756,TRUMP,0.0001000000,0.0001000000,1.666,1.6663,240
2026-08-20T16:05:03+00:00,1787241903756,ENA,0.0001000000,0.0001000000,0.10193,0.10199,240
2026-08-20T17:05:03+00:00,1787245503976,BTC,0.0000336500,0.0001000000,72729.9,72745.0,480
2026-08-20T17:05:03+00:00,1787245503976,ETH,0.0001000000,0.0001000000,2338.58,2339.3,480
2026-08-20T17:05:03+00:00,1787245503976,SOL,0.0001000000,0.0001000000,87.7,87.691,480
2026-08-20T17:05:03+00:00,1787245503976,HYPE,0.0001000000,0.0002402416,74.275,74.209,480
2026-08-20T17:05:03+00:00,1787245503976,XRP,0.0001000000,0.0002226584,1.3191,1.3188,480
2026-08-20T17:05:03+00:00,1787245503976,DOGE,0.0001000000,0.0003301704,0.08288,0.082895,480
2026-08-20T17:05:03+00:00,1787245503976,ZEC,0.0001000000,0.0007928472,587.52,587.7032,480
2026-08-20T17:05:03+00:00,1787245503976,1000PEPE,0.0001000000,0.0003354912,0.003197,0.003201,480
2026-08-20T17:05:03+00:00,1787245503976,ADA,0.0001000000,0.0001000000,0.1999,0.1999,480
2026-08-20T17:05:03+00:00,1787245503976,SUI,0.0001000000,0.0002737256,0.7474,0.74795,480
2026-08-20T17:05:03+00:00,1787245503976,LINK,0.0000260000,0.0001000000,10.772,10.7812,480
2026-08-20T17:05:03+00:00,1787245503976,TRUMP,0.0001000000,0.0001000000,1.691,1.6928,240
2026-08-20T17:05:03+00:00,1787245503976,ENA,0.0001000000,0.0001000000,0.10368,0.10382,240
2026-08-20T18:05:03+00:00,1787249103352,BTC,0.0000068700,0.0001000000,72571.69,72591.0,480
2026-08-20T18:05:03+00:00,1787249103352,ETH,0.0001000000,0.0001000000,2334.11,2335.1,480
2026-08-20T18:05:03+00:00,1787249103352,SOL,0.0001000000,0.0001000000,87.131,87.184,480
2026-08-20T18:05:03+00:00,1787249103352,HYPE,0.0001000000,0.0001000000,72.58,72.595,480
2026-08-20T18:05:03+00:00,1787249103352,XRP,0.0001000000,0.0001000000,1.2887,1.2899,480
2026-08-20T18:05:03+00:00,1787249103352,DOGE,0.0001000000,0.0001000000,0.08255,0.082642,480
2026-08-20T18:05:03+00:00,1787249103352,ZEC,0.0001000000,0.0004173160,569.69,569.99,480
2026-08-20T18:05:03+00:00,1787249103352,1000PEPE,0.0001000000,0.0001000000,0.003143,0.003148,480
2026-08-20T18:05:03+00:00,1787249103352,ADA,0.0001000000,0.0001000000,0.1992,0.19921,480
2026-08-20T18:05:03+00:00,1787249103352,SUI,0.0001000000,0.0001000000,0.7374,0.73787,480
2026-08-20T18:05:03+00:00,1787249103352,LINK,0.0000634400,0.0001000000,10.724,10.734,480
2026-08-20T18:05:03+00:00,1787249103352,TRUMP,0.0001000000,0.0001000000,1.671,1.6744,240
2026-08-20T18:05:03+00:00,1787249103352,ENA,0.0001000000,0.0001012976,0.10586,0.10593,240
2026-08-20T19:05:03+00:00,1787252703695,BTC,-0.0000065200,0.0001000000,72344.01,72371.0,480
2026-08-20T19:05:03+00:00,1787252703695,ETH,0.0000942800,0.0001000000,2315.9,2317.6,480
2026-08-20T19:05:03+00:00,1787252703695,SOL,0.0001000000,0.0001000000,87.091,87.125,480
2026-08-20T19:05:03+00:00,1787252703695,HYPE,0.0001000000,0.0001000000,72.334,72.357,480
2026-08-20T19:05:03+00:00,1787252703695,XRP,0.0001000000,0.0001000000,1.2316,1.2328,480
2026-08-20T19:05:03+00:00,1787252703695,DOGE,0.0001000000,0.0001000000,0.07992,0.080039,480
2026-08-20T19:05:03+00:00,1787252703695,ZEC,0.0001000000,0.0002004480,562.57,563.32,480
2026-08-20T19:05:03+00:00,1787252703695,1000PEPE,0.0001000000,0.0001000000,0.003103,0.003109,480
2026-08-20T19:05:03+00:00,1787252703695,ADA,0.0001000000,0.0001000000,0.1951,0.19522,480
2026-08-20T19:05:03+00:00,1787252703695,SUI,0.0001000000,0.0001000000,0.72524,0.72599,480
2026-08-20T19:05:03+00:00,1787252703695,LINK,-0.0000176300,0.0001000000,10.621,10.63405,480
2026-08-20T19:05:03+00:00,1787252703695,TRUMP,0.0001000000,0.0001000000,1.646,1.6496,240
2026-08-20T19:05:03+00:00,1787252703695,ENA,0.0001000000,0.0001000000,0.10813,0.108107,240
2026-08-20T20:05:04+00:00,1787256304584,BTC,-0.0000305100,0.0001000000,72672.54,72681.0,480
2026-08-20T20:05:04+00:00,1787256304584,ETH,0.0000466200,0.0001000000,2324.61,2325.14,480
2026-08-20T20:05:04+00:00,1787256304584,SOL,0.0000856800,0.0001000000,87.32,87.327,480
2026-08-20T20:05:04+00:00,1787256304584,HYPE,0.0001000000,0.0001000000,72.724,72.739,480
2026-08-20T20:05:04+00:00,1787256304584,XRP,0.0001000000,0.0001000000,1.2372,1.2377,480
2026-08-20T20:05:04+00:00,1787256304584,DOGE,0.0001000000,0.0001000000,0.07986,0.079902,480
2026-08-20T20:05:04+00:00,1787256304584,ZEC,0.0001000000,0.0005474264,573.73,574.36,480
2026-08-20T20:05:04+00:00,1787256304584,1000PEPE,0.0001000000,0.0001000000,0.003141,0.003145,480
2026-08-20T20:05:04+00:00,1787256304584,ADA,0.0001000000,0.0001000000,0.1958,0.19567,480
2026-08-20T20:05:04+00:00,1787256304584,SUI,0.0001000000,0.0001000000,0.7253,0.72577,480
2026-08-20T20:05:04+00:00,1787256304584,LINK,0.0000068500,0.0001000000,10.664,10.674,480
2026-08-20T20:05:04+00:00,1787256304584,TRUMP,0.0001000000,0.0001000000,1.647,1.6473,240
2026-08-20T20:05:04+00:00,1787256304584,ENA,0.0001000000,0.0001000000,0.10818,0.10822,240
2026-08-20T21:05:03+00:00,1787259903981,BTC,-0.0000272100,0.0001000000,72577.74,72585.0,480
2026-08-20T21:05:03+00:00,1787259903981,ETH,0.0000501200,0.0001000000,2315.96,2316.3,480
2026-08-20T21:05:03+00:00,1787259903981,SOL,0.0000978900,0.0001000000,87.63,87.66,480
2026-08-20T21:05:03+00:00,1787259903981,HYPE,0.0001000000,0.0003068712,74.022,74.011,480
2026-08-20T21:05:03+00:00,1787259903981,XRP,0.0001000000,0.0001000000,1.249,1.2504,480
2026-08-20T21:05:03+00:00,1787259903981,DOGE,0.0001000000,0.0002746392,0.08029,0.08039,480
2026-08-20T21:05:03+00:00,1787259903981,ZEC,0.0001000000,0.0004714736,577.14,577.58,480
2026-08-20T21:05:03+00:00,1787259903981,1000PEPE,0.0001000000,0.0006546056,0.0032084,0.003214,480
2026-08-20T21:05:03+00:00,1787259903981,ADA,0.0001000000,0.0001000000,0.1979,0.1979,480
2026-08-20T21:05:03+00:00,1787259903981,SUI,0.0001000000,0.0001000000,0.7303,0.73082,480
2026-08-20T21:05:03+00:00,1787259903981,LINK,0.0000391400,0.0001000000,10.596,10.609,480
2026-08-20T21:05:03+00:00,1787259903981,TRUMP,0.0001000000,0.0001000000,1.652,1.6532,240
2026-08-20T21:05:03+00:00,1787259903981,ENA,0.0001000000,0.0001464416,0.11272,0.11279,240
2026-08-20T22:05:03+00:00,1787263503452,BTC,-0.0000159600,-0.0000470920,72465.6,72465.0,480
2026-08-20T22:05:03+00:00,1787263503452,ETH,0.0000539100,0.0001000000,2309.12,2310.2,480
2026-08-20T22:05:03+00:00,1787263503452,SOL,0.0001000000,0.0001000000,87.224,87.26,480
2026-08-20T22:05:03+00:00,1787263503452,HYPE,0.0001000000,0.0002006688,74.246,74.254,480
2026-08-20T22:05:03+00:00,1787263503452,XRP,0.0001000000,0.0001000000,1.2549,1.2557,480
2026-08-20T22:05:03+00:00,1787263503452,DOGE,0.0001000000,0.0001000000,0.07973,0.079807,480
2026-08-20T22:05:03+00:00,1787263503452,ZEC,0.0001000000,0.0002307608,567.03,567.39,480
2026-08-20T22:05:03+00:00,1787263503452,1000PEPE,0.0001000000,0.0002845464,0.0031903,0.003194,480
2026-08-20T22:05:03+00:00,1787263503452,ADA,0.0001000000,0.0001000000,0.1968,0.19689,480
2026-08-20T22:05:03+00:00,1787263503452,SUI,0.0001000000,0.0001000000,0.73217,0.73289,480
2026-08-20T22:05:03+00:00,1787263503452,LINK,0.0000951000,0.0001000000,10.519,10.53354,480
2026-08-20T22:05:03+00:00,1787263503452,TRUMP,0.0001000000,0.0001000000,1.646,1.6467,240
2026-08-20T22:05:03+00:00,1787263503452,ENA,0.0001000000,0.0001000000,0.11322,0.11314,240
2026-08-20T23:05:04+00:00,1787267104171,BTC,0.0000082200,0.0001000000,72683.73,72685.0,480
2026-08-20T23:05:04+00:00,1787267104171,ETH,0.0000655800,0.0001000000,2314.44,2316.1,480
2026-08-20T23:05:04+00:00,1787267104171,SOL,0.0001000000,0.0001000000,87.263,87.303,480
2026-08-20T23:05:04+00:00,1787267104171,HYPE,0.0001000000,0.0005004144,73.829,73.855,480
2026-08-20T23:05:04+00:00,1787267104171,XRP,0.0001000000,0.0001000000,1.2576,1.2585,480
2026-08-20T23:05:04+00:00,1787267104171,DOGE,0.0001000000,0.0001000000,0.07939,0.079444,480
2026-08-20T23:05:04+00:00,1787267104171,ZEC,0.0001000000,0.0007225032,574.08,574.16,480
2026-08-20T23:05:04+00:00,1787267104171,1000PEPE,0.0001000000,0.0001636352,0.0032103,0.003213,480
2026-08-20T23:05:04+00:00,1787267104171,ADA,0.0001000000,0.0001000000,0.196,0.19595,480
2026-08-20T23:05:04+00:00,1787267104171,SUI,0.0001000000,0.0001000000,0.73043,0.73084,480
2026-08-20T23:05:04+00:00,1787267104171,LINK,0.0001000000,0.0001000000,10.622,10.63545,480
2026-08-20T23:05:04+00:00,1787267104171,TRUMP,0.0001000000,0.0001000000,1.62,1.6212,240
2026-08-20T23:05:04+00:00,1787267104171,ENA,0.0001000000,0.0001000000,0.11555,0.11535,240
2026-08-21T00:05:05+00:00,1787270705028,BTC,-0.0000521100,0.0001000000,73055.4,73070.0,480
2026-08-21T00:05:05+00:00,1787270705028,ETH,0.0001000000,0.0001000000,2324.56,2326.4,480
2026-08-21T00:05:05+00:00,1787270705028,SOL,0.0001000000,0.0001000000,87.554,87.571,480
2026-08-21T00:05:05+00:00,1787270705028,HYPE,0.0002613600,0.0005103304,73.66,73.732,480
2026-08-21T00:05:05+00:00,1787270705028,XRP,-0.0001353300,0.0001000000,1.2587,1.2597,480
2026-08-21T00:05:05+00:00,1787270705028,DOGE,0.0001000000,0.0001954936,0.08025,0.08037,480
2026-08-21T00:05:05+00:00,1787270705028,ZEC,0.0001000000,0.0006902984,566.6,566.8636,480
2026-08-21T00:05:05+00:00,1787270705028,1000PEPE,0.0001000000,0.0004613712,0.0032006,0.003203,480
2026-08-21T00:05:05+00:00,1787270705028,ADA,0.0001000000,0.0001000000,0.1984,0.19859,480
2026-08-21T00:05:05+00:00,1787270705028,SUI,0.0001000000,0.0001000000,0.733,0.73336,480
2026-08-21T00:05:05+00:00,1787270705028,LINK,-0.0001059700,0.0001000000,10.68,10.698,480
2026-08-21T00:05:05+00:00,1787270705028,TRUMP,-0.0002676200,0.0001000000,1.639,1.6407,240
2026-08-21T00:05:05+00:00,1787270705028,ENA,0.0001000000,0.0001000000,0.11724,0.1173,240
2026-08-21T01:05:03+00:00,1787274303418,BTC,0.0000522400,0.0001000000,73812.8,73819.0,480
2026-08-21T01:05:03+00:00,1787274303418,ETH,0.0001000000,0.0001000000,2342.63,2343.2,480
2026-08-21T01:05:03+00:00,1787274303418,SOL,0.0001000000,0.0001000000,88.31,88.353,480
2026-08-21T01:05:03+00:00,1787274303418,HYPE,0.0003231200,0.0003809672,73.364,73.39,480
2026-08-21T01:05:03+00:00,1787274303418,XRP,-0.0000352000,0.0001000000,1.2715,1.2719,480
2026-08-21T01:05:03+00:00,1787274303418,DOGE,0.0000347800,0.0002335856,0.08154,0.08163,480
2026-08-21T01:05:03+00:00,1787274303418,ZEC,0.0001000000,0.0001790968,571.8,571.81,480
2026-08-21T01:05:03+00:00,1787274303418,1000PEPE,0.0001000000,0.0002221072,0.0032039,0.003208,480
2026-08-21T01:05:03+00:00,1787274303418,ADA,0.0001000000,0.0001000000,0.2034,0.20345,480
2026-08-21T01:05:03+00:00,1787274303418,SUI,0.0001000000,0.0001000000,0.7389,0.73942,480
2026-08-21T01:05:03+00:00,1787274303418,LINK,0.0000949000,0.0001040128,10.777,10.79,480
2026-08-21T01:05:03+00:00,1787274303418,TRUMP,0.0001000000,0.0001000000,1.649,1.6485,240
2026-08-21T01:05:03+00:00,1787274303418,ENA,0.0001000000,0.0001421144,0.1196,0.11968,240
2026-08-21T02:05:03+00:00,1787277903814,BTC,0.0000266900,0.0001000000,75042.98,75063.0,480
2026-08-21T02:05:03+00:00,1787277903814,ETH,0.0001000000,0.0001000000,2353.35,2354.3,480
2026-08-21T02:05:03+00:00,1787277903814,SOL,0.0001000000,0.0001000000,89.25,89.249,480
2026-08-21T02:05:03+00:00,1787277903814,HYPE,0.0002026500,0.0002839016,74.777,74.783,480
2026-08-21T02:05:03+00:00,1787277903814,XRP,-0.0000909100,0.0001000000,1.2931,1.2939,480
2026-08-21T02:05:03+00:00,1787277903814,DOGE,0.0000679100,0.0001409536,0.08238,0.082465,480
2026-08-21T02:05:03+00:00,1787277903814,ZEC,0.0001000000,0.0003214024,574.41,574.93,480
2026-08-21T02:05:03+00:00,1787277903814,1000PEPE,0.0001000000,0.0001000000,0.003235,0.003238,480
2026-08-21T02:05:03+00:00,1787277903814,ADA,0.0001000000,0.0001000000,0.2086,0.20854,480
2026-08-21T02:05:03+00:00,1787277903814,SUI,0.0001000000,0.0001000000,0.7477,0.74801,480
2026-08-21T02:05:03+00:00,1787277903814,LINK,0.0001000000,0.0001000000,10.791,10.805,480
2026-08-21T02:05:03+00:00,1787277903814,TRUMP,0.0001000000,0.0001000000,1.666,1.6669,240
2026-08-21T02:05:03+00:00,1787277903814,ENA,0.0001000000,0.0001000000,0.12202,0.12217,240
2026-08-21T03:05:04+00:00,1787281504246,BTC,0.0000495200,0.0001000000,74344.67,74370.0,480
2026-08-21T03:05:04+00:00,1787281504246,ETH,0.0001000000,0.0001000000,2342.04,2343.7,480
2026-08-21T03:05:04+00:00,1787281504246,SOL,0.0001000000,0.0005216744,89.112,89.244,480
2026-08-21T03:05:04+00:00,1787281504246,HYPE,0.0001000000,0.0001000000,72.91,72.9446,480
2026-08-21T03:05:04+00:00,1787281504246,XRP,-0.0000484900,0.0001000000,1.2866,1.2878,480
2026-08-21T03:05:04+00:00,1787281504246,DOGE,0.0001000000,0.0001000000,0.08132,0.081424,480
2026-08-21T03:05:04+00:00,1787281504246,ZEC,0.0001000000,0.0001813520,571.07,571.74,480
2026-08-21T03:05:04+00:00,1787281504246,1000PEPE,0.0001000000,0.0001000000,0.00323,0.003236,480
2026-08-21T03:05:04+00:00,1787281504246,ADA,0.0001000000,0.0001000000,0.205,0.20521,480
2026-08-21T03:05:04+00:00,1787281504246,SUI,0.0001000000,0.0001000000,0.74267,0.74289,480
2026-08-21T03:05:04+00:00,1787281504246,LINK,0.0001000000,0.0001000000,10.905,10.915,480
2026-08-21T03:05:04+00:00,1787281504246,TRUMP,0.0001000000,0.0001000000,1.643,1.6457,240
2026-08-21T03:05:04+00:00,1787281504246,ENA,0.0001000000,0.0001000000,0.12204,0.12224,240
