symbol,n_hours,mean_signed_spread,mean_abs_spread,pct_hours_gt_1bp,mean_sign_run_h
ENA,92,-0.0004362117,0.0004362117,60.87,7.62
ZEC,92,-0.0003860435,0.0004136625,72.83,4.16
LINK,92,-0.0003518707,0.0003518707,58.7,7.8
SUI,92,-0.0002934123,0.0002934123,65.22,9.43
TRUMP,92,-0.0002880439,0.0002916263,32.61,2.31
1000PEPE,92,-0.0002833142,0.0002833142,51.09,7.29
DOGE,92,-0.0002738692,0.0002738692,44.57,4.62
XRP,92,-0.000159061,0.000159061,34.78,5.5
ADA,92,-0.0001431268,0.0001431268,28.26,3.36
HYPE,92,-0.000126257,0.000127054,33.7,1.89
SOL,92,-4.66374e-05,4.66374e-05,14.13,2.31
BTC,92,-4.0661e-05,4.13378e-05,13.04,4.0
ETH,92,-2.18666e-05,2.18666e-05,5.43,2.0
