sym,t,burst,entry,res,hold_s
0GUSDT,2026-09-29 01:20:11+00:00,45.8,0.2787,0.0089,6.1
0GUSDT,2026-09-29 13:21:52+00:00,59.0,0.3413,0.0089,2.1
0GUSDT,2026-09-29 13:58:03+00:00,41.2,0.3409,-0.0171,151.1
0GUSDT,2026-09-29 15:18:46+00:00,41.8,0.3427,0.0089,147.9
0GUSDT,2026-09-30 02:23:16+00:00,523.0,0.3154,-0.0171,34.1
0GUSDT,2026-09-30 05:05:23+00:00,154.1,0.3445,-0.0171,419.0
2ZUSDT,2026-09-24 17:54:16+00:00,2072.1,0.05626,-0.005721400639886364,600.0
2ZUSDT,2026-09-26 10:34:51+00:00,210.4,0.07302,-0.013836236647493904,600.0
2ZUSDT,2026-09-26 12:58:47+00:00,46.9,0.07023,-0.0171,564.5
2ZUSDT,2026-09-26 14:57:16+00:00,63.8,0.07259,0.0089,327.1
2ZUSDT,2026-09-26 16:03:06+00:00,80.5,0.06945,0.0089,497.8
AGIUSDT,2026-09-27 09:36:33+00:00,1204.4,0.006999,-0.0023858979854264432,600.0
AGIUSDT,2026-09-27 16:30:21+00:00,43.0,0.007761,0.0089,68.8
AGIUSDT,2026-09-27 21:20:57+00:00,302.7,0.0079,0.0013050632911392088,600.0
AGIUSDT,2026-09-27 22:53:28+00:00,65.1,0.007631,0.0089,92.5
AGLDUSDT,2026-09-20 05:30:56+00:00,289.7,0.2038,0.0089,434.6
AIOZUSDT,2026-09-21 16:21:10+00:00,223.5,0.11173,0.0089,131.6
AIOZUSDT,2026-09-21 19:27:11+00:00,70.7,0.12162,-0.0171,74.7
AIOZUSDT,2026-09-22 10:22:02+00:00,538.7,0.13151,-0.008703984487871696,600.0
AIOZUSDT,2026-09-22 16:14:29+00:00,357.5,0.124,0.0089,345.9
AKTUSDT,2026-09-21 21:23:58+00:00,1966.6,0.6555,-0.003540884820747558,600.0
AKTUSDT,2026-09-22 00:24:00+00:00,9401.5,0.6646,0.0089,135.4
B3USDT,2026-09-23 03:34:40+00:00,49.8,0.0008411,-0.0171,137.2
B3USDT,2026-09-23 13:08:34+00:00,427.3,0.0007776,-0.0171,10.8
B3USDT,2026-09-23 18:50:03+00:00,162.1,0.0007737,0.0089,66.5
B3USDT,2026-09-25 03:09:16+00:00,41.5,0.00087,0.0089,67.6
B3USDT,2026-09-25 04:00:00+00:00,365.8,0.0008607,-0.008651992564192034,600.0
B3USDT,2026-09-25 05:00:00+00:00,146.6,0.0008778,-0.0171,60.0
B3USDT,2026-09-25 06:00:00+00:00,140.1,0.0008799,-0.0171,170.9
B3USDT,2026-09-25 06:38:04+00:00,200.9,0.0009098,0.0089,193.1
B3USDT,2026-09-25 08:00:00+00:00,96.7,0.0008795,-0.0171,56.8
B3USDT,2026-09-25 09:13:04+00:00,233.3,0.0008632,0.0089,4.7
BANKUSDT,2026-09-20 00:33:51+00:00,95.7,0.03763,-0.0171,429.5
BANKUSDT,2026-09-20 02:20:16+00:00,47.1,0.0402,0.0089,241.0
BANKUSDT,2026-09-20 02:51:27+00:00,156.1,0.03883,0.0089,60.1
BANKUSDT,2026-09-20 03:29:20+00:00,210.4,0.03489,-0.0171,3.4
BANKUSDT,2026-09-20 08:32:36+00:00,50.8,0.0331,-0.004423262839879382,600.0
BERAUSDT,2026-09-19 21:38:18+00:00,82.1,0.2123,-0.0171,138.1
BLASTUSDT,2026-09-23 14:30:15+00:00,164.4,0.0004951,-0.0171,147.3
BRUSDT,2026-09-15 01:31:50+00:00,55.2,0.55656,0.0089,10.5
BRUSDT,2026-09-15 03:05:06+00:00,42.8,0.50546,-0.006085557709808797,600.0
BRUSDT,2026-09-15 04:03:52+00:00,71.0,0.45495,0.0089,6.5
BRUSDT,2026-09-16 14:17:20+00:00,42.7,0.5867,0.0089,12.6
BRUSDT,2026-09-16 15:49:38+00:00,139.6,0.61244,-0.0171,80.5
BRUSDT,2026-09-16 16:26:41+00:00,44.3,0.60847,0.0089,3.3
BRUSDT,2026-09-17 08:55:43+00:00,55.1,0.55427,0.0089,28.9
BRUSDT,2026-09-17 14:28:34+00:00,70.1,0.69945,0.0089,8.9
BRUSDT,2026-09-18 14:04:50+00:00,91.4,0.83843,0.0089,0.9
BRUSDT,2026-09-18 22:41:14+00:00,172.9,0.86153,0.0089,21.3
BRUSDT,2026-09-19 09:32:06+00:00,137.8,0.83847,0.0089,14.3
BRUSDT,2026-09-19 12:06:29+00:00,113.6,0.96255,0.0089,2.0
BRUSDT,2026-09-19 14:14:30+00:00,43.9,1.0063,-0.0171,474.4
BRUSDT,2026-09-19 17:01:45+00:00,115.5,1.08205,-0.0171,87.7
BRUSDT,2026-09-20 03:47:10+00:00,146.1,1.13608,0.0089,13.3
BRUSDT,2026-09-20 10:21:10+00:00,53.7,1.11862,-0.0171,0.4
CELOUSDT,2026-09-29 12:01:46+00:00,295.4,0.112,-0.0171,162.2
CELOUSDT,2026-09-29 14:22:02+00:00,359.3,0.10911,0.0089,8.2
CELOUSDT,2026-09-29 15:00:15+00:00,89.5,0.10766,0.0089,422.7
COOKIEUSDT,2026-09-22 10:33:07+00:00,259.7,0.013204,0.0089,49.0
COOKIEUSDT,2026-09-22 11:03:07+00:00,158.6,0.012402,-0.010130801483631779,600.0
COOKIEUSDT,2026-09-22 12:45:37+00:00,161.2,0.012822,-0.009289050070191773,600.0
COOKIEUSDT,2026-09-22 14:52:17+00:00,8588.6,0.012076,-0.01136830076184182,600.0
DASHUSDT,2026-09-27 10:58:35+00:00,239.6,69.07,0.0089,241.9
DEEPUSDT,2026-09-25 14:03:03+00:00,195.4,0.02159,-0.014068967114404873,600.0
DRIFTUSDT,2026-09-18 00:27:13+00:00,46.2,0.01516,0.0089,7.1
DRIFTUSDT,2026-09-18 01:45:49+00:00,44.7,0.01663,-0.0171,26.1
DRIFTUSDT,2026-09-18 03:09:59+00:00,53.1,0.01567,0.0089,0.1
DRIFTUSDT,2026-09-18 04:45:02+00:00,55.7,0.01585,0.0089,125.5
DRIFTUSDT,2026-09-18 05:24:12+00:00,43.5,0.01474,-0.0171,4.9
DRIFTUSDT,2026-09-18 06:39:19+00:00,60.6,0.01689,0.0089,27.8
DRIFTUSDT,2026-09-18 08:40:30+00:00,50.9,0.01681,0.0089,6.5
DRIFTUSDT,2026-09-18 10:43:19+00:00,242.1,0.01561,-0.0171,545.1
DRIFTUSDT,2026-09-22 19:07:08+00:00,117.4,0.02556,0.0089,2.4
DRIFTUSDT,2026-09-22 19:59:21+00:00,109.4,0.02376,-0.0171,51.1
DRIFTUSDT,2026-09-22 20:50:28+00:00,104.9,0.0241,0.0089,0.9
DRIFTUSDT,2026-09-22 22:01:48+00:00,68.7,0.02228,0.0089,16.8
DRIFTUSDT,2026-09-23 00:47:08+00:00,163.8,0.02175,0.0089,127.2
DRIFTUSDT,2026-09-23 05:19:25+00:00,649.6,0.02084,-0.007338003838771489,600.0
DRIFTUSDT,2026-09-23 10:20:47+00:00,1273.7,0.01993,-0.0171,421.7
DRIFTUSDT,2026-09-23 14:13:17+00:00,58.8,0.0185,0.0089,3.7
EPICUSDT,2026-09-19 19:18:08+00:00,63.3,0.521,-0.0171,112.8
EPICUSDT,2026-09-19 20:03:36+00:00,47.9,0.5197,-0.0171,394.4
EPICUSDT,2026-09-19 20:33:57+00:00,353.3,0.5071,0.0089,14.2
EPICUSDT,2026-09-19 23:35:30+00:00,127.4,0.466,-0.006893991416308986,600.0
EPICUSDT,2026-09-20 14:27:27+00:00,62.6,0.5486,-0.0171,10.0
EPICUSDT,2026-09-20 17:05:42+00:00,73.0,0.5626,0.0089,214.7
EPICUSDT,2026-09-21 00:49:10+00:00,199.5,0.5643,0.0089,10.9
EPICUSDT,2026-09-21 01:32:01+00:00,47.0,0.5741,0.0089,13.7
EPICUSDT,2026-09-21 07:46:01+00:00,46.4,0.6079,0.0089,77.5
EPICUSDT,2026-09-21 09:48:03+00:00,81.0,0.5757,0.0089,29.9
EPICUSDT,2026-09-22 09:49:08+00:00,90.9,0.6405,0.0089,62.5
FFUSDT,2026-09-20 22:25:22+00:00,48.9,0.17436,-0.0171,37.8
FLOCKUSDT,2026-09-17 15:37:35+00:00,212.7,0.07014,0.0089,83.0
FLOCKUSDT,2026-09-22 16:00:31+00:00,67.7,0.08978,-0.0171,31.3
FLOCKUSDT,2026-09-23 06:10:30+00:00,1491.8,0.08418,-0.0037134473746732836,600.0
GALAUSDT,2026-09-18 09:00:00+00:00,17282.3,0.001832,0.0089,114.9
GRASSUSDT,2026-09-21 22:40:24+00:00,72.4,0.432,-0.0171,321.1
GRASSUSDT,2026-09-22 00:14:29+00:00,146.5,0.4157,0.0089,158.8
GRASSUSDT,2026-09-22 01:20:16+00:00,60.8,0.405,0.0089,9.1
GRASSUSDT,2026-09-22 02:49:29+00:00,48.8,0.4194,-0.0171,535.6
GRASSUSDT,2026-09-22 09:48:48+00:00,62.8,0.4485,0.0089,3.7
GRASSUSDT,2026-09-22 11:52:53+00:00,103.3,0.4349,0.0021191308346746214,600.0
GRASSUSDT,2026-09-26 02:55:28+00:00,1279.0,0.5031,0.0089,443.3
GRASSUSDT,2026-09-27 00:51:45+00:00,367.6,0.5797,-0.005930084526479262,600.0
GRASSUSDT,2026-09-27 02:13:59+00:00,123.7,0.5774,0.0089,443.9
GRASSUSDT,2026-09-27 11:32:29+00:00,617.6,0.6036,0.0089,318.1
GRASSUSDT,2026-09-28 04:06:11+00:00,47.3,0.626,0.0089,1.1
GRASSUSDT,2026-09-28 06:27:15+00:00,415.7,0.6409,0.0089,35.9
GRASSUSDT,2026-09-28 07:23:46+00:00,217.6,0.6222,0.0089,23.3
GRASSUSDT,2026-09-29 08:09:27+00:00,90.5,0.6817,0.0089,219.7
GRASSUSDT,2026-09-29 12:38:02+00:00,60.0,0.6951,-0.0036895554596460094,600.0
GRASSUSDT,2026-09-29 21:00:17+00:00,121.1,0.7252,-0.0171,27.5
GRASSUSDT,2026-09-29 21:49:39+00:00,107.9,0.7328,-0.0171,90.6
HUMAUSDT,2026-09-25 14:19:05+00:00,105.5,0.02737,0.0089,13.0
INJUSDT,2026-09-18 16:03:51+00:00,173.2,6.578,-0.0012520218911521543,600.0
INJUSDT,2026-09-20 03:13:16+00:00,803.8,7.744,0.0089,79.6
JTOUSDT,2026-09-26 08:12:47+00:00,366.4,0.5783,0.0089,16.8
KERNELUSDT,2026-09-21 07:11:12+00:00,40.3,0.04808,0.0089,4.1
KERNELUSDT,2026-09-21 11:23:06+00:00,52.6,0.04868,-0.0171,394.1
KERNELUSDT,2026-09-22 01:49:13+00:00,67.7,0.06421,-0.0171,43.2
KERNELUSDT,2026-09-22 03:32:54+00:00,65.2,0.06513,0.0089,15.4
KERNELUSDT,2026-09-22 05:06:39+00:00,42.1,0.06354,0.0089,6.7
KERNELUSDT,2026-09-22 06:34:14+00:00,156.7,0.0618,-0.0171,79.0
KERNELUSDT,2026-09-22 08:00:00+00:00,109.0,0.06491,-0.0171,188.2
KERNELUSDT,2026-09-22 09:23:40+00:00,364.3,0.06409,-0.0171,428.1
KERNELUSDT,2026-09-22 10:21:25+00:00,65.8,0.06329,-0.0171,8.6
KERNELUSDT,2026-09-22 12:31:20+00:00,182.7,0.06099,0.0089,280.0
KERNELUSDT,2026-09-22 13:57:08+00:00,192.5,0.05912,0.0089,345.8
KERNELUSDT,2026-09-22 15:14:53+00:00,186.7,0.05731,-0.01348876286860946,600.0
KSMUSDT,2026-09-17 17:28:45+00:00,230.8,4.647,0.0089,262.6
KSMUSDT,2026-09-17 19:23:14+00:00,212.4,4.436,-0.0171,88.8
LABUSDT,2026-09-19 19:13:34+00:00,115.5,0.0561,-0.0011,600.0
LABUSDT,2026-09-22 21:41:13+00:00,217.1,0.0624,0.0021051282051281935,600.0
MAGICUSDT,2026-09-27 15:01:12+00:00,47.1,0.0558,0.0089,9.4
METUSDT,2026-09-18 12:11:50+00:00,236.1,0.2451,-0.008851937984496138,600.0
METUSDT,2026-09-22 23:44:35+00:00,40.7,0.3339,0.0089,57.8
METUSDT,2026-09-23 16:01:06+00:00,140.6,0.3579,0.0089,41.9
METUSDT,2026-09-25 21:57:34+00:00,201.6,0.3608,-0.00414878048780477,600.0
MINAUSDT,2026-09-21 08:30:44+00:00,90.0,0.13025,-0.0171,454.6
MINAUSDT,2026-09-21 13:16:52+00:00,2138.2,0.12294,0.005895282251504808,600.0
MINAUSDT,2026-09-22 18:00:48+00:00,144.0,0.15497,0.0089,94.5
MINAUSDT,2026-09-23 05:46:01+00:00,1399.1,0.15138,0.0089,57.6
MINAUSDT,2026-09-23 08:38:23+00:00,49.6,0.15027,-0.0171,46.1
MOVRUSDT,2026-09-30 05:39:14+00:00,179.5,1.387,-0.0171,22.2
MOVRUSDT,2026-09-30 07:11:10+00:00,46.2,1.602,-0.0171,101.8
MOVRUSDT,2026-09-30 08:15:37+00:00,66.8,1.67,0.0089,17.3
MOVRUSDT,2026-09-30 10:16:07+00:00,40.5,1.752,-0.0171,6.8
MOVRUSDT,2026-09-30 10:56:50+00:00,92.4,1.802,0.0089,3.3
MOVRUSDT,2026-09-30 11:46:30+00:00,58.0,1.728,0.0089,18.2
MOVRUSDT,2026-09-30 13:12:19+00:00,94.0,1.583,-0.0171,342.3
MOVRUSDT,2026-09-30 14:35:20+00:00,117.8,1.578,-0.0171,39.6
MOVRUSDT,2026-09-30 16:58:28+00:00,101.1,1.765,-0.0171,401.3
MOVRUSDT,2026-09-30 21:05:45+00:00,42.9,1.97,-0.0171,145.7
MOVRUSDT,2026-09-30 22:04:18+00:00,72.0,2.101,0.0089,8.9
MOVRUSDT,2026-09-30 22:49:25+00:00,51.2,2.077,-0.0171,37.7
MOVRUSDT,2026-10-01 00:22:40+00:00,53.9,2.187,0.0089,5.3
MOVRUSDT,2026-10-01 00:55:51+00:00,75.7,2.312,0.0089,19.0
MYXUSDT,2026-09-18 13:14:47+00:00,66.0,0.0863,0.0089,8.6
MYXUSDT,2026-09-18 14:15:35+00:00,54.6,0.10397,-0.0171,7.7
MYXUSDT,2026-09-18 16:46:10+00:00,76.5,0.08847,0.0089,4.7
MYXUSDT,2026-09-18 18:03:45+00:00,121.1,0.07772,-0.0171,330.2
MYXUSDT,2026-09-18 20:05:40+00:00,54.8,0.07852,-0.0171,20.0
MYXUSDT,2026-09-18 22:54:04+00:00,767.3,0.07599,-0.0171,68.6
MYXUSDT,2026-09-19 00:52:42+00:00,110.1,0.0782,0.0089,258.6
MYXUSDT,2026-09-19 03:10:08+00:00,45.4,0.08687,-0.0171,11.2
MYXUSDT,2026-09-19 03:43:07+00:00,55.6,0.09008,-0.0171,36.7
MYXUSDT,2026-09-19 04:16:59+00:00,54.2,0.0939,0.0089,1.3
MYXUSDT,2026-09-19 05:58:09+00:00,226.3,0.08664,0.0089,40.8
MYXUSDT,2026-09-19 07:00:55+00:00,73.9,0.08942,-0.0171,40.6
MYXUSDT,2026-09-19 08:10:10+00:00,107.3,0.08851,-0.0171,10.7
MYXUSDT,2026-09-19 10:49:04+00:00,42.6,0.09374,0.0089,213.4
MYXUSDT,2026-09-19 12:35:47+00:00,44.9,0.09113,-0.002087600131679978,600.0
MYXUSDT,2026-09-19 22:53:27+00:00,634.5,0.08546,-0.0171,312.9
MYXUSDT,2026-09-20 00:31:10+00:00,160.8,0.08677,-0.0171,124.7
MYXUSDT,2026-09-20 01:08:56+00:00,3229.0,0.0829,0.0089,45.0
NILUSDT,2026-09-20 22:25:06+00:00,67.0,0.06296,-0.0171,303.3
NILUSDT,2026-09-20 23:47:24+00:00,280.6,0.06119,-0.0171,73.5
NILUSDT,2026-09-21 01:25:15+00:00,278.9,0.06174,0.0089,6.3
NILUSDT,2026-09-21 06:48:18+00:00,42.5,0.06902,-0.0171,23.2
NILUSDT,2026-09-21 07:41:48+00:00,118.7,0.0656,0.0089,12.5
NILUSDT,2026-09-21 08:31:43+00:00,376.3,0.06629,-0.0171,422.2
NILUSDT,2026-09-21 09:37:32+00:00,68.5,0.06786,-0.0171,507.7
NILUSDT,2026-09-21 10:10:37+00:00,173.5,0.06626,0.0089,29.3
NILUSDT,2026-09-21 13:20:34+00:00,194.2,0.06518,-0.0171,581.6
NILUSDT,2026-09-21 17:24:34+00:00,322.7,0.06262,0.0089,1.8
NILUSDT,2026-09-22 02:15:00+00:00,207.8,0.07121,0.0089,27.6
NILUSDT,2026-09-22 05:13:00+00:00,59.4,0.0718,0.0029389972144846406,600.0
NILUSDT,2026-09-22 08:58:57+00:00,68.7,0.07879,0.0089,27.7
NILUSDT,2026-09-22 09:47:01+00:00,65.1,0.08077,0.0089,248.8
NILUSDT,2026-09-22 11:19:40+00:00,547.4,0.07624,0.0089,67.2
NILUSDT,2026-09-22 12:44:40+00:00,46.4,0.08168,-0.0171,42.2
NILUSDT,2026-09-22 13:57:25+00:00,73.2,0.08431,0.0089,6.9
NILUSDT,2026-09-22 14:43:30+00:00,96.7,0.08138,-0.0171,40.8
NILUSDT,2026-09-22 16:20:41+00:00,59.3,0.08147,0.0089,6.7
NILUSDT,2026-09-23 03:18:00+00:00,105.9,0.10282,-0.0171,23.1
NILUSDT,2026-09-23 03:59:48+00:00,102.4,0.09404,0.0089,16.7
NILUSDT,2026-09-23 04:38:25+00:00,272.2,0.09523,0.0089,14.7
NILUSDT,2026-09-23 06:34:39+00:00,57.1,0.10851,0.0089,5.0
NILUSDT,2026-09-23 07:55:04+00:00,63.6,0.10632,-0.0171,65.9
NILUSDT,2026-09-23 08:41:11+00:00,119.7,0.09986,-0.0171,101.2
NILUSDT,2026-09-23 09:37:07+00:00,181.9,0.09561,-0.0171,22.5
NILUSDT,2026-09-23 12:55:02+00:00,84.4,0.09336,0.0089,2.1
NILUSDT,2026-09-23 17:07:12+00:00,112.0,0.09503,-0.0171,46.5
NILUSDT,2026-09-23 18:51:19+00:00,502.1,0.09953,0.0089,395.2
NILUSDT,2026-09-23 22:39:51+00:00,89.3,0.1112,-0.0171,4.0
NILUSDT,2026-09-23 23:35:17+00:00,40.6,0.1242,-0.0171,93.4
NILUSDT,2026-09-24 03:37:51+00:00,156.1,0.1356,-0.0171,16.1
NILUSDT,2026-09-24 05:57:57+00:00,46.4,0.13326,0.0089,5.3
NILUSDT,2026-09-24 08:41:30+00:00,51.3,0.13671,0.0089,1.4
NILUSDT,2026-09-24 10:19:09+00:00,47.1,0.13714,-0.0171,26.6
NILUSDT,2026-09-24 12:09:54+00:00,45.2,0.12432,0.0089,10.4
NILUSDT,2026-09-24 13:20:58+00:00,144.4,0.12429,0.0089,37.7
NILUSDT,2026-09-25 15:41:10+00:00,91.9,0.12935,-0.0171,104.7
NILUSDT,2026-09-25 19:13:58+00:00,426.9,0.12539,0.0089,64.8
NILUSDT,2026-09-30 12:23:46+00:00,50.1,0.0948,-0.0171,102.2
NILUSDT,2026-09-30 13:58:31+00:00,1187.8,0.09026,-0.0171,35.0
NOMUSDT,2026-09-24 01:19:46+00:00,65.5,0.002322,0.0089,4.0
NOMUSDT,2026-09-24 02:36:45+00:00,47.9,0.002475,0.0089,64.9
NOMUSDT,2026-09-24 03:16:48+00:00,184.9,0.002305,0.0089,156.6
NOMUSDT,2026-09-24 06:51:42+00:00,68.9,0.002672,0.0089,31.1
NOMUSDT,2026-09-24 09:11:10+00:00,93.2,0.002527,-0.0171,20.1
NOMUSDT,2026-09-24 10:02:14+00:00,157.7,0.002471,0.0089,258.2
NOMUSDT,2026-09-24 10:41:06+00:00,93.9,0.002396,-0.012786143572620989,600.0
NOMUSDT,2026-09-24 14:10:06+00:00,64.1,0.002425,0.0089,16.0
NOMUSDT,2026-09-24 15:10:21+00:00,231.8,0.002274,-0.0171,134.2
NOMUSDT,2026-09-24 21:33:41+00:00,253.3,0.002177,0.0089,174.5
OPUSDT,2026-09-19 00:21:50+00:00,494.4,0.1203,0.0089,107.2
POPCATUSDT,2026-09-21 14:08:17+00:00,45.2,0.05347,-0.0171,101.4
POPCATUSDT,2026-09-21 15:22:42+00:00,176.9,0.05491,-0.009113112365689468,600.0
PROVEUSDT,2026-09-21 14:00:38+00:00,45.3,0.2732,0.0089,200.0
RUNEUSDT,2026-09-26 17:22:12+00:00,90.8,0.7227,-0.013553300124533051,600.0
SKLUSDT,2026-09-20 02:06:25+00:00,51.8,0.004547,-0.0008800747745766437,600.0
SKLUSDT,2026-09-20 02:44:21+00:00,215.0,0.004491,0.0089,47.4
SKLUSDT,2026-09-20 08:46:25+00:00,127.4,0.004587,-0.006986200130804431,600.0
SKLUSDT,2026-09-20 10:31:17+00:00,54.5,0.004488,0.0089,12.5
SKLUSDT,2026-09-20 11:03:40+00:00,151.9,0.004347,0.0089,0.1
SKLUSDT,2026-09-20 11:46:39+00:00,273.8,0.0044,0.0089,599.0
STGUSDT,2026-09-19 09:21:34+00:00,50.5,0.17216,0.0089,539.5
STRKUSDT,2026-09-18 18:21:10+00:00,359.0,0.03835,-0.0018822685788785311,600.0
STRKUSDT,2026-09-18 20:43:25+00:00,46.2,0.04348,0.0089,105.3
STRKUSDT,2026-09-18 23:29:19+00:00,59.1,0.04409,-0.0171,329.7
STRKUSDT,2026-09-19 00:12:29+00:00,48.0,0.04324,-0.0171,333.8
STRKUSDT,2026-09-19 01:19:06+00:00,208.7,0.04201,0.0089,57.6
STRKUSDT,2026-09-19 04:14:00+00:00,469.4,0.04214,0.0089,9.0
STRKUSDT,2026-09-19 13:10:38+00:00,57.8,0.04633,0.0089,7.2
STRKUSDT,2026-09-19 18:20:56+00:00,85.5,0.04201,0.001280385622470782,600.0
STRKUSDT,2026-09-20 08:30:31+00:00,376.7,0.04468,0.0089,44.9
USELESSUSDT,2026-09-16 13:36:38+00:00,249.1,0.23525,-0.0171,445.2
USELESSUSDT,2026-09-17 05:33:11+00:00,129.9,0.27168,0.0089,0.1
USELESSUSDT,2026-09-17 06:14:00+00:00,496.0,0.26114,0.0089,3.2
USELESSUSDT,2026-09-17 11:25:01+00:00,189.9,0.26597,-0.011063529721397358,600.0
USELESSUSDT,2026-09-17 12:28:54+00:00,343.0,0.25488,-0.0171,109.3
USELESSUSDT,2026-09-18 22:27:09+00:00,51.2,0.29678,0.0089,69.6
USELESSUSDT,2026-09-21 10:35:13+00:00,75.3,0.27948,0.0089,238.1
USELESSUSDT,2026-09-21 19:16:59+00:00,86.1,0.2932,-0.0171,150.1
USELESSUSDT,2026-09-21 21:44:00+00:00,435.5,0.29108,0.0089,88.8
USELESSUSDT,2026-09-22 02:52:04+00:00,121.7,0.26476,0.0089,4.8
USELESSUSDT,2026-09-23 06:27:02+00:00,68.8,0.33323,-0.009952744350748676,600.0
WAVESUSDT,2026-09-23 11:03:09+00:00,233.2,0.3137,0.0089,33.3
WAVESUSDT,2026-09-23 11:54:05+00:00,2473.6,0.3032,-0.00967519788918193,600.0
XAIUSDT,2026-09-24 18:23:21+00:00,57.4,0.011568,0.0089,51.1
XAIUSDT,2026-09-24 19:34:16+00:00,75.2,0.011204,0.0089,20.6
XAIUSDT,2026-09-24 22:03:17+00:00,135.1,0.010181,-0.009154218642569389,600.0
XAIUSDT,2026-09-24 22:50:24+00:00,155.0,0.009867,-0.0171,143.2
XAIUSDT,2026-09-25 00:24:19+00:00,234.8,0.00948,-0.0042645569620251116,600.0
XAIUSDT,2026-09-25 04:59:04+00:00,74.6,0.009373,0.0089,10.9
XPLUSDT,2026-09-25 03:34:34+00:00,155.4,0.11377,0.001449002373209097,600.0
XPLUSDT,2026-09-25 07:13:38+00:00,70.6,0.11703,-0.0171,291.5
XPLUSDT,2026-09-25 08:01:32+00:00,197.6,0.11452,-0.0171,403.2
ZILUSDT,2026-09-20 06:02:19+00:00,109.1,0.003703,0.0089,522.9
ZILUSDT,2026-09-20 08:08:17+00:00,184.0,0.003992,-0.0171,15.7
ZILUSDT,2026-09-20 11:02:54+00:00,41.6,0.00363,-0.0171,189.0
